"Farul C-ta","farul_constanta"
"Rapid CFR Suceava","rapid_suceava"
"Acs Berceni","acs_berceni"
"Otelul","otelul_galati"
"Ceahlaul","ceahlaul_piatraneamt"
"Acs Bucovina Pojorata","bucovina_pojorata"
"Cs Balotesti","cs_balotesti"
"Gloria Buzau","gloria_buzau"
"Rapid","rapid_bucuresti"
"Cf Braila","daciaunirea_braila"
"Csm Ramnicu-Valcea","csm_ramnicuvalcea"
"U Cluj","universitatea_cluj"
"Fc Bihor Oradea","bihor_oradea"
"Cs Soimii Pancota","soimii_pancota"
"Fc Brasov","fc_brasov"
"Gaz Metan","gazmetan_medias"
"Fc Caransebes","fc_caransebes"
"Uta Batrana Doamna","uta_arad"
"Fcm Baia Mare","fcm_baiamare"
"Unirea Tarlugeni","unirea_tarlugeni"
"Metalul Resita","metalul_resita"
"Chindia Targoviste","chindia_targoviste"
"Olimpia Satu Mare","olimpia_satumare"
"Cs Mioveni","cs_mioveni"
"Fc Botosani","fc_botosani"
"CSU Craiova","universitatea_craiova"
"CSMS Iasi","csms_iasi"
"CS Voluntari","cs_voluntari"
"Dinamo","dinamo_bucuresti"
"ASA Tg Mures","asa_targumures"
"Concordia","concordia_chiajna"
"Astra","astra_giurgiu"
"Petrolul","petrolul_ploiesti"
"Steaua","steaua_bucuresti"
"Pandurii","pandurii_targujiu"
"Poli Timisoara","poli_timisoara"
"CFR Cluj","cfr_cluj"
"Viitorul","viitorul_constanta"

