"Czech Republic U19","cehia_u19"
"Armenia U19","armenia_u19"
"Bhutan","bhutan"
"Maldives","maldive"
"Jihlava U21","jihlava_u21"
"Jablonec U21","jablonec_u21"
"Myanmar","myanmar"
"Lebanon","lebanon"
"Singapore","singapore"
"Afghanistan","afganistan"
"Vietnam","vietnam"
"Iraq","irak"
"FC Minsk","minsk"
"Fortuna Hjorring","fortuna_hjorring"
"Serbia U19","serbia_u19"
"Estonia U19","estonia_u19"
"Anglia","anglia"
"Fyr Macedonia U19","macedonia_u19"
"Italia U19","italia_u19"
"Finlanda U19","finlanda_u19"
"Syria","siria"
"Japan","japonia"
"Turkmenistan","turkmenistan"
"India","india"
"Delhi Dynamos Fc","dinamo_delhi"
"Chennaiyin Fc","chennaiyin"
"Hamburg","hamburg"
"Viborg","viborg"
"Nurnberg","nurnberg"
"St Gallen","stgallen"
"Iordania","iordania"
"Australia","australia"
"Kyrgyzstan","kyrgyzstan"
"Tajikistan","tajikistan"
"Oman","oman"
"Iran","iran"
"Kuwait","kuwait"
"Korea Republic","korea_sud"
"Bahrain","bahrain"
"Uzbekistan","uzbekistan"
"Greuther Furth","greuther_furth"
"Salzburg","salzburg"
"Neftekhimik Nizhnekamsk","neftekhimik_nizhnekamsk"
"Dinamo Kirov","dinamo_kirov"
"Polonia U21","polonia_u21"
"Israel U21","israel_u21"
"Sao Tome E Principe","saotome"
"Ethiopia","etiopia"
"Syzran 2003","syzran2003"
"Zenit Izhevsk","zenit_izhevsk"
"Slovacia U21","slovacia_u21"
"Cipru U21","cipru_u21"
"Qatar","qatar"
"China","china"
"Georgia","georgia"
"Gibraltar","gibraltar"
"Liberia","liberia"
"Guinea Bissau","guineabissau"
"Lokomotive Leipzig","lokomotive_leipzig"
"E. Braunschweig","e_braunschweig"
"Monza","monza"
"Milan","milan"
"Ucraina U21","ucraina_u21"
"Islanda U21","islanda_u21"
"Elvetia U21","elvetia_u21"
"Bosnia Herzegovina U21","bosnia_u21"
"Slovenia U21","slovenia_u21"
"Italy U21","italia_u21"
"Norvegia U21","norvegia_u21"
"Kazakhstan U21","kazakhstan_u21"
"Arabia Saudita","asaudita"
"Emiratele Arabe Unite","emiratele"
"Union Berlin","union_berlin"
"Fredericia","fredericia"
"Viktoria Hamburg","viktoria_hamburg"
"Niendorfer","niendorfer"
"Albania","albania"
"Serbia","serbia"
"Franta","franta"
"Armenia","armenia"
"Irlanda De Nord","irlanda"
"Grecia","grecia"
"Portugalia","portugalia"
"Danemarca","danemarca"
"Fc Chita","chita"
"Kuzbas Novokuznetsk","kuzbas_novokuznetsk"
"Adelaide","adelaide"
"Melbourne Victory","victory_melbourne"
"Bohemians 1905","bohemians"
"Fk Teplice","teplice"
"Belarus U21","belarus_u21"
"Turkey U21","turcia_u21"
"M Kiryat Gat","mkiryat_gat"
"Hapoel Petach Tikva","hapoel_petachtikva"
"S-2 Novosibirsk","s2_novosibirsk"
"Dynamo Barnaul","dynamo_barnaul"
"Thailand","tailanda"
"Hong Kong","hongkong"
"Somalia","somalia"
"Niger","niger"
"Djibouti","djibouti"
"Swaziland","swaziland"
"Fortuna Dusseldorf","fortuna_dusseldorf"
"Standard Liege","standard_liege"
"Hapoel Bney Lod","hapoelbney_lod"
"Maccabi Achi Nazareth","maccabiachi_nazareth"
"Hapoel Ashkelon","hapoel_ashkelon"
"Maccabi Herzelia","maccabi_herzelia"
"Hapoel Ramat Gan","hapoelramat_gan"
"Mainz","mainz"
"Fsv Frankfurt","frankfurt"
"Sturm Graz","sturm_graz"
"Szombathelyi Haladas","haladas_szombathelyi"
"Borussia Monchengladbach","borussia_monchengladbach"
"Duisburg","duisburg"
"Fc Pune City","punecity"
"Northeast United Fc","northeastunited"
"Hajduk Split","hajduk_split"
"Siroki Brijeg","siroki_brijeg"
"Paneleusiniakos","paneleusiniakos"
"Kassiopi","kassiopi"
"Farul Constanta","farul_constanta"
"Suceava","rapid_suceava"
"Concordia","concordia_chiajna"
"Fcm Targu Mures","fcm_targumures"
"Dinamo Bucuresti","dinamo_bucuresti"
"Cfr Cluj","cfr_cluj"
"Viitorul Constanta","viitorul_constanta"
"Afc Astra Giurgiu","astra_giurgiu"
"Steaua Bucuresti","steaua_bucuresti"
"Poli Timisoara","poli_timisoara"
"Fc Botosani","fc_botosani"
"Cs Universitatea Craiova","universitatea_craiova"
"Csm Studentesc Iasi","csms_iasi"
"Cs Voluntari","cs_voluntari"
"Fcm Targu Mures","asa_targumures"
"Petrolul Ploiesti","petrolul_ploiesti"
"Steaua Bucharest","steaua_bucuresti"
"Pandurii Tg.Jiu","pandurii_targujiu"


